Metric,Value
design__lint_error__count,0
design__lint_timing_construct__count,0
design__lint_warning__count,1
design__inferred_latch__count,0
design__instance__count,8039
design__instance__area,117856
design__instance_unmapped__count,0
synthesis__check_error__count,0
design__max_slew_violation__count__corner:nom_fast_1p32V_m40C,0
design__max_fanout_violation__count__corner:nom_fast_1p32V_m40C,1
design__max_cap_violation__count__corner:nom_fast_1p32V_m40C,6
power__internal__total,0.0008955621742643416
power__switching__total,0.0008535110973753035
power__leakage__total,0.000003910202394763473
power__total,0.0017529834294691682
clock__skew__worst_hold__corner:nom_fast_1p32V_m40C,-0.4213257639805671
clock__skew__worst_setup__corner:nom_fast_1p32V_m40C,0.3752932515424606
timing__hold__ws__corner:nom_fast_1p32V_m40C,0.09441225846125971
timing__setup__ws__corner:nom_fast_1p32V_m40C,13.320772417707214
timing__hold__tns__corner:nom_fast_1p32V_m40C,0.0
timing__setup__tns__corner:nom_fast_1p32V_m40C,0.0
timing__hold__wns__corner:nom_fast_1p32V_m40C,0
timing__setup__wns__corner:nom_fast_1p32V_m40C,0.0
timing__hold_vio__count__corner:nom_fast_1p32V_m40C,0
timing__hold_r2r__ws__corner:nom_fast_1p32V_m40C,0.094412
timing__hold_r2r_vio__count__corner:nom_fast_1p32V_m40C,0
timing__setup_vio__count__corner:nom_fast_1p32V_m40C,0
timing__setup_r2r__ws__corner:nom_fast_1p32V_m40C,13.320772
timing__setup_r2r_vio__count__corner:nom_fast_1p32V_m40C,0
design__max_slew_violation__count__corner:nom_slow_1p08V_125C,1
design__max_fanout_violation__count__corner:nom_slow_1p08V_125C,1
design__max_cap_violation__count__corner:nom_slow_1p08V_125C,4
clock__skew__worst_hold__corner:nom_slow_1p08V_125C,-0.49540017934543246
clock__skew__worst_setup__corner:nom_slow_1p08V_125C,0.40880447406568904
timing__hold__ws__corner:nom_slow_1p08V_125C,0.5586955500816625
timing__setup__ws__corner:nom_slow_1p08V_125C,3.185448439631455
timing__hold__tns__corner:nom_slow_1p08V_125C,0.0
timing__setup__tns__corner:nom_slow_1p08V_125C,0.0
timing__hold__wns__corner:nom_slow_1p08V_125C,0
timing__setup__wns__corner:nom_slow_1p08V_125C,0.0
timing__hold_vio__count__corner:nom_slow_1p08V_125C,0
timing__hold_r2r__ws__corner:nom_slow_1p08V_125C,0.558696
timing__hold_r2r_vio__count__corner:nom_slow_1p08V_125C,0
timing__setup_vio__count__corner:nom_slow_1p08V_125C,0
timing__setup_r2r__ws__corner:nom_slow_1p08V_125C,3.185448
timing__setup_r2r_vio__count__corner:nom_slow_1p08V_125C,0
design__max_slew_violation__count__corner:nom_typ_1p20V_25C,0
design__max_fanout_violation__count__corner:nom_typ_1p20V_25C,1
design__max_cap_violation__count__corner:nom_typ_1p20V_25C,5
clock__skew__worst_hold__corner:nom_typ_1p20V_25C,-0.44595894905841427
clock__skew__worst_setup__corner:nom_typ_1p20V_25C,0.3859928319558611
timing__hold__ws__corner:nom_typ_1p20V_25C,0.26799097033384073
timing__setup__ws__corner:nom_typ_1p20V_25C,9.601529620917669
timing__hold__tns__corner:nom_typ_1p20V_25C,0.0
timing__setup__tns__corner:nom_typ_1p20V_25C,0.0
timing__hold__wns__corner:nom_typ_1p20V_25C,0
timing__setup__wns__corner:nom_typ_1p20V_25C,0.0
timing__hold_vio__count__corner:nom_typ_1p20V_25C,0
timing__hold_r2r__ws__corner:nom_typ_1p20V_25C,0.267991
timing__hold_r2r_vio__count__corner:nom_typ_1p20V_25C,0
timing__setup_vio__count__corner:nom_typ_1p20V_25C,0
timing__setup_r2r__ws__corner:nom_typ_1p20V_25C,9.601530
timing__setup_r2r_vio__count__corner:nom_typ_1p20V_25C,0
design__max_slew_violation__count,1
design__max_fanout_violation__count,1
design__max_cap_violation__count,6
clock__skew__worst_hold,-0.4213257639805671
clock__skew__worst_setup,0.3752932515424606
timing__hold__ws,0.09441225846125971
timing__setup__ws,3.185448439631455
timing__hold__tns,0.0
timing__setup__tns,0.0
timing__hold__wns,0
timing__setup__wns,0.0
timing__hold_vio__count,0
timing__hold_r2r__ws,0.094412
timing__hold_r2r_vio__count,0
timing__setup_vio__count,0
timing__setup_r2r__ws,3.185448
timing__setup_r2r_vio__count,0
design__die__bbox,0.0 0.0 419.52 313.74
design__core__bbox,2.88 3.78 416.64 309.96
design__io,45
design__die__area,131620
design__core__area,126685
design__instance__count__stdcell,2222
design__instance__area__stdcell,30759.5
design__instance__count__macros,1
design__instance__area__macros,28127.1
design__instance__count__padcells,0
design__instance__area__padcells,0
design__instance__count__cover,0
design__instance__area__cover,0
design__instance__utilization,0.464827
design__instance__utilization__stdcell,0.312096
design__rows,119
design__rows:CoreSite,119
design__sites,49454
design__sites:CoreSite,49454
design__instance__count__class:macro,1
design__instance__area__class:macro,28127.1
design__instance__count__class:inverter,55
design__instance__area__class:inverter,299.376
design__instance__count__class:sequential_cell,178
design__instance__area__class:sequential_cell,8720.01
design__instance__count__class:multi_input_combinational_cell,1486
design__instance__area__class:multi_input_combinational_cell,15286.3
flow__warnings__count,1
flow__errors__count,0
flow__warnings__count:ORD-0032,1
flow__warnings__type_count,1
flow__warnings__count:ORD-0039,1
design__power_grid_violation__count__net:VPWR,0
design__power_grid_violation__count__net:VGND,0
design__power_grid_violation__count,0
timing__drv__floating__nets,0
timing__drv__floating__pins,0
design__instance__displacement__total,1786.3
design__instance__displacement__mean,0.805
design__instance__displacement__max,30.12
route__wirelength__estimated,105373
design__violations,0
design__instance__count__class:timing_repair_buffer,428
design__instance__area__class:timing_repair_buffer,5029.52
design__instance__count__class:clock_buffer,56
design__instance__area__class:clock_buffer,1320.88
design__instance__count__class:clock_inverter,14
design__instance__area__class:clock_inverter,76.2048
design__instance__count__setup_buffer,0
design__instance__count__hold_buffer,212
global_route__vias,21
global_route__wirelength,168472
antenna__violating__nets,0
antenna__violating__pins,0
route__antenna_violation__count,0
antenna_diodes_count,2
design__instance__count__class:antenna_cell,5
design__instance__area__class:antenna_cell,27.216
route__net,2238
route__net__special,2
route__drc_errors__iter:0,44
route__wirelength__iter:0,124966
route__drc_errors__iter:1,7
route__wirelength__iter:1,124946
route__drc_errors__iter:2,4
route__wirelength__iter:2,124956
route__drc_errors__iter:3,0
route__wirelength__iter:3,124955
route__drc_errors__iter:4,6
route__wirelength__iter:4,124946
route__drc_errors__iter:5,6
route__wirelength__iter:5,124946
route__drc_errors__iter:6,0
route__wirelength__iter:6,124944
route__drc_errors,0
route__wirelength,124955
route__vias,17084
route__vias__singlecut,17084
route__vias__multicut,0
flow__warnings__count:DRT-0349,7
flow__warnings__count:DRT-0418,47
design__disconnected_pin__count,1
design__critical_disconnected_pin__count,0
route__wirelength__max,844.55
design__instance__count__class:fill_cell,5816
design__instance__area__class:fill_cell,58969.8
timing__unannotated_net__count__corner:nom_fast_1p32V_m40C,15
timing__unannotated_net_filtered__count__corner:nom_fast_1p32V_m40C,0
timing__unannotated_net__count__corner:nom_slow_1p08V_125C,15
timing__unannotated_net_filtered__count__corner:nom_slow_1p08V_125C,0
timing__unannotated_net__count__corner:nom_typ_1p20V_25C,15
timing__unannotated_net_filtered__count__corner:nom_typ_1p20V_25C,0
timing__unannotated_net__count,15
timing__unannotated_net_filtered__count,0
design_powergrid__voltage__worst__net:VPWR__corner:nom_typ_1p20V_25C,1.19503
design_powergrid__drop__average__net:VPWR__corner:nom_typ_1p20V_25C,1.19842
design_powergrid__drop__worst__net:VPWR__corner:nom_typ_1p20V_25C,0.00496533
design_powergrid__voltage__worst__net:VGND__corner:nom_typ_1p20V_25C,0.00464805
design_powergrid__drop__average__net:VGND__corner:nom_typ_1p20V_25C,0.00150802
design_powergrid__drop__worst__net:VGND__corner:nom_typ_1p20V_25C,0.00464805
design_powergrid__voltage__worst,0.00464805
design_powergrid__voltage__worst__net:VPWR,1.19503
design_powergrid__drop__worst,0.00496533
design_powergrid__drop__worst__net:VPWR,0.00496533
design_powergrid__voltage__worst__net:VGND,0.00464805
design_powergrid__drop__worst__net:VGND,0.00464805
ir__voltage__worst,1.1999999999999999555910790149937383830547332763671875
ir__drop__avg,0.00158000000000000002421673972463622703799046576023101806640625
ir__drop__worst,0.004969999999999999591715482694098682259209454059600830078125
magic__drc_error__count,29296
magic__illegal_overlap__count,0
design__lvs_device_difference__count,0
design__lvs_net_difference__count,0
design__lvs_property_fail__count,0
design__lvs_error__count,0
design__lvs_unmatched_device__count,0
design__lvs_unmatched_net__count,0
design__lvs_unmatched_pin__count,0
